2024/10-11 NetBSDブースの記録 & 名古屋*BSDユーザグループ(NBUG)2024/11月例会の記録,https://togetter.com/li/2456931,201
オープンソースカンファレンス2024 Nagaoka & Fall NetBSDブースの記録 & 名古屋*BSDユー..,https://togetter.com/li/2446541,826
オープンソースカンファレンス2024 Hiroshima NetBSDブースの記録 & 名古屋*BSDユーザグループ..,https://togetter.com/li/2437595,1155
オープンデベロッパーズカンファレンス2024 NetBSDのご紹介の記録 & 名古屋*BSDユーザグループ(NBUG..,https://togetter.com/li/2423438,593
オープンソースカンファレンス2024 Kyoto NetBSDブースの記録 & 名古屋*BSDユーザグループ(NBU..,https://togetter.com/li/2403819,760
オープンソースカンファレンス2024 Hokkaido の記録 & 名古屋*BSDユーザグループ(NBUG)2024..,https://togetter.com/li/2377329,884
オープンソースカンファレンス2024 Nagoya NBUGなひととき の記録,https://togetter.com/li/2359557,1138
名古屋*BSDユーザグループ(NBUG)2024/3月~4月例会 の記録,https://togetter.com/li/2332837,375
AsiaBSDCon 2024の記録,https://togetter.com/li/2337258,749
オープンソースカンファレンス2024 Spring の記録 & 名古屋*BSDユーザグループ(NBUG)2024/2..,https://togetter.com/li/2314715,1044
オープンソースカンファレンス2024 Osaka の記録 & 名古屋*BSDユーザグループ(NBUG)2024/1月..,https://togetter.com/li/2298407,1551
オープンソースカンファレンス2023 Fukuoka の記録 & 名古屋*BSDユーザグループ(NBUG)2023/..,https://togetter.com/li/2271317,740
オープンソースカンファレンス2023 Niigata の記録 & 名古屋*BSDユーザグループ(NBUG)2023/..,https://togetter.com/li/2260623,630
関西オープンフォーラム2023 BSDなひととき& オープンソースカンファレンス2023 Hiroshima Net..,https://togetter.com/li/2254094,1411
オープンソースカンファレンス2023 Shimane NetBSDブース展示の記録,https://togetter.com/li/2247549,1364
オープンソースカンファレンス2023 Tokyo/Fall の記録 & 名古屋*BSDユーザグループ(NBUG)20..,https://togetter.com/li/2240886,1174
オープンソースカンファレンス2023 Online/Fall BSDなひととき の記録 & 名古屋*BSDユーザグル..,https://togetter.com/li/2231931,1125
オープンデベロッパーズカンファレンス 2023 NetBSDのご紹介 の記録 & 名古屋*BSDユーザグループ(NB..,https://togetter.com/li/2208216,1059
オープンソースカンファレンス2023 Kyoto NetBSDブースの記録 &オープンソースカンファレンス2023 ..,https://togetter.com/li/2189221,1723
オープンソースカンファレンス2023 Online/Hokkaido NetBSDのご紹介 の記録 & オープンソー..,https://togetter.com/li/2165257,1800
オープンソースカンファレンス2023 Online/Nagoya NBUGなひととき の記録 & オープンソースカン..,https://togetter.com/li/2142714,2579
名古屋*BSDユーザグループ(NBUG)2023/4月例会の記録,https://togetter.com/li/2129326,823
AsiaBSDCon2023 とオープンソースカンファレンス2023 Tokyo/Spring NetBSDブースの記録,https://togetter.com/li/2112458,2579
オープンソースカンファレンス2023 Online/Spring NetBSDのご紹介 の記録 & 名古屋*BSDユ..,https://togetter.com/li/2094211,1847
名古屋*BSDユーザグループ(NBUG)2023/2月例会の記録,https://togetter.com/li/2081847,1118
オープンソースカンファレンス2023 Online/Osaka NetBSDのご紹介 の記録 & 名古屋*BSDユー..,https://togetter.com/li/2060234,2933
名古屋*BSDユーザグループ(NBUG)2022/12月例会の記録,https://togetter.com/li/2010441,1560
オープンソースカンファレンス2022 Online/Fukuoka NetBSDのご紹介 の記録 & 名古屋*BSD..,https://togetter.com/li/1977568,1564
関西オープンフォーラム 2022 BSDなひととき の記録,https://togetter.com/li/1970580,2070
オープンソースカンファレンス2022 Online/Fall BSDなひととき の記録 & 名古屋*BSDユーザグル..,https://togetter.com/li/1964480,2505
オープンソースカンファレンス2022 Online Hiroshima NetBSDのご紹介 の記録 & 名古屋*B..,https://togetter.com/li/1950893,1526
オープンデベロッパーズカンファレンス2022 Online NetBSDのご紹介 の記録 & 名古屋*BSDユーザグ..,https://togetter.com/li/1938050,2140
オープンソースカンファレンス2022 Online/Kyoto NetBSDのご紹介 の記録 & 名古屋*BSDユー..,https://togetter.com/li/1921498,3453
オープンソースカンファレンス2022 Online/Hokkaido NetBSDのご紹介 の記録 & 名古屋*BS..,https://togetter.com/li/1905889,2189
オープンソースカンファレンス2022 Online/Nagoya 名古屋*BSDユーザグループ2022年5月例会の記録,https://togetter.com/li/1891762,1910
名古屋*BSDユーザグループ(NBUG)2022/4月例会の記録,https://togetter.com/li/1873517,1490
オープンソースカンファレンス2022 Online/Spring NetBSDのご紹介 の記録 & 名古屋*BSDユ..,https://togetter.com/li/1856809,1546
名古屋*BSDユーザグループ(NBUG)2022/2月例会の記録,https://togetter.com/li/1847574,912
オープンソースカンファレンス2022 Online/Osaka NetBSDのご紹介 の記録 & 名古屋*BSDユー..,https://togetter.com/li/1835534,2011
名古屋*BSDユーザグループ(NBUG)2021/12月例会の記録,https://togetter.com/li/1817903,918
オープンソースカンファレンス2021 Online/Fukuoka NetBSDのご紹介 の記録 & 名古屋*BSD..,https://togetter.com/li/1803990,1465
関西オープンフォーラム 2021 BSDなひととき の記録,https://togetter.com/li/1800758,802
オープンソースカンファレンス2021 Online/Fall BSDなひととき の記録 & 名古屋*BSDユーザグル..,https://togetter.com/li/1790501,1590
オープンソースカンファレンス2021 Online/Niigata NetBSDのご紹介 の記録,https://togetter.com/li/1782152,1323
オープンソースカンファレンス2021 Online/Hiroshima NetBSDのご紹介 の記録 & 名古屋*B..,https://togetter.com/li/1774874,1639
オープンデベロッパーズカンファレンス2021 Online NetBSDのご紹介&名古屋*BSDユーザグループ(NB..,https://togetter.com/li/1765257,2281
オープンソースカンファレンス2021 Online/Kyoto NetBSDのご紹介 の記録 & 名古屋*BSDユー..,https://togetter.com/li/1751521,2059
オープンソースカンファレンス2021 Online/Hokkaido NetBSDのご紹介 の記録 & 名古屋*BS..,https://togetter.com/li/1735858,1877
オープンソースカンファレンス2021 Online/Nagoya 名古屋*BSDユーザグループ2021年5月例会の記録,https://togetter.com/li/1720573,2341
名古屋*BSDユーザグループ(NBUG)2021/4月例会の記録,https://togetter.com/li/1699631,2023
名古屋*BSDユーザグループ(NBUG)2021/3月例会の記録,https://togetter.com/li/1684969,827
オープンソースカンファレンス2021 Online/Spring NetBSDのご紹介 の記録,https://togetter.com/li/1675363,2695
名古屋*BSDユーザグループ(NBUG)2021/2月例会の記録,https://togetter.com/li/1670754,1541
オープンソースカンファレンス2021 Online/Osaka NetBSDのご紹介 の記録,https://togetter.com/li/1658323,2385
オープンデベロッパーズカンファレンス2020 Online NetBSDのご紹介&名古屋*BSDユーザグループ(NB..,https://togetter.com/li/1637624,3600
名古屋*BSDユーザグループ(NBUG)2021/1月例会の記録,https://togetter.com/li/1656474,854
オープンソースカンファレンス2020 Online/Fukuoka NetBSDのご紹介 の記録,https://togetter.com/li/1627360,1516
名古屋*BSDユーザグループ(NBUG)2020/11月例会の記録,https://togetter.com/li/1625965,815
関西オープンソース 2020 BSDなひととき の記録,https://togetter.com/li/1617531,21449
オープンソースカンファレンス2020 Online/Fall BSDなひととき の記録,https://togetter.com/li/1611536,2346
名古屋*BSDユーザグループ(NBUG)2020/10月例会の記録,https://togetter.com/li/1609378,670
オープンソースカンファレンス2020 Online/Hiroshima NetBSDのご紹介 &名古屋*BSDユーザ..,https://togetter.com/li/1593951,1146
オープンソースカンファレンス2020 Online/Kyoto NetBSDのご紹介 の記録,https://togetter.com/li/1582822,709
名古屋*BSDユーザグループ(NBUG)2020/8月例会の記録,https://togetter.com/li/1579945,428
オープンソースカンファレンス2020 Online/Niigata NetBSDのご紹介 の記録,https://togetter.com/li/1565767,1111
名古屋*BSDユーザグループ(NBUG)2020/7月例会の記録,https://togetter.com/li/1561513,797
オープンソースカンファレンス2020 Online/Hokkaido NetBSDご紹介 の記録,https://togetter.com/li/1549704,807
オープンソースカンファレンス2020 Online/Nagoya 名古屋*BSDユーザグループ2020年5月例会(第..,https://togetter.com/li/1529053,1008
オープンソースカンファレンス2019 Shimane NetBSDブース展示の記録,https://togetter.com/li/1409871,1482
名古屋*BSDユーザグループ(NBUG)2020/2月例会の記録,https://togetter.com/li/1469785,1272
オープンソースカンファレンス2020 Osaka NetBSDブース展示の記録,https://togetter.com/li/1459510,2955
名古屋*BSDユーザグループ(NBUG)2020/1月例会の記録,https://togetter.com/li/1458375,612
名古屋*BSDユーザグループ(NBUG)2019/12月例会の記録,https://togetter.com/li/1443180,762
オープンソースカンファレンス2019 Tokyo/Fall NetBSDブース展示の記録,https://togetter.com/li/1433822,3712
名古屋*BSDユーザグループ(NBUG)2019/11月例会の記録,https://togetter.com/li/1431863,634
関西オープンソース2019 NetBSDブース展示の記録,https://togetter.com/li/1427775,2362
オープンソースカンファレンス2019 Fukuoka NetBSDブース展示の記録,https://togetter.com/li/1428096,1301
NetBSDでザウルス SL-C700 サポートするぞ,https://togetter.com/li/242873,12783
名古屋*BSDユーザグループ(NBUG)2019/10月例会の記録,https://togetter.com/li/1421861,787
オープンソースカンファレンス2019 Tokushima NetBSDブース展示の記録,https://togetter.com/li/1418848,798
オープンソースカンファレンス2019 Niigata NetBSDブース展示の記録,https://togetter.com/li/1413105,1064
名古屋*BSDユーザグループ(NBUG)2019/9月例会の記録,https://togetter.com/li/1407443,646
名古屋*BSDユーザグループ(NBUG)2019/8月例会の記録,https://togetter.com/li/1394879,570
オープンソースカンファレンス2019 Hiroshima NetBSDブース展示の記録,https://togetter.com/li/1404262,2580
オープンソースカンファレンス2019 Kyoto NetBSDブース展示の記録,https://togetter.com/li/1382880,3514
オープンソースカンファレンス2019 Nagoya NBUG & NetBSDブース展示の記録,https://togetter.com/li/1375440,3806
日本NetBSDユーザーグループ第二十一回定期総会 および NetBSD BoF 2019 の記録,https://togetter.com/li/1373526,2380
名古屋*BSDユーザグループ(NBUG)2019/6月例会の記録,https://togetter.com/li/1368948,1165
オープンソースカンファレンス2019 Hokkaido NetBSDブース展示の記録,https://togetter.com/li/1361738,1505
名古屋*BSDユーザグループ(NBUG)2019/5月例会の記録,https://togetter.com/li/1356522,837
オープンソースカンファレンス2019 Okinawa NetBSDブース展示の記録,https://togetter.com/li/1339771,2171
名古屋*BSDユーザグループ(NBUG)2019/4月例会の記録,https://togetter.com/li/1338485,996
AsiaBSDCon 2019の記録,https://togetter.com/li/1330031,6648
名古屋*BSDユーザグループ(NBUG)2019/3月例会の記録,https://togetter.com/li/1329539,729
オープンソースカンファレンス2019 Tokyo/Spring NetBSDブース展示の記録,https://togetter.com/li/1321833,2779
オープンソースカンファレンス2019 Hamanako NetBSDブース展示の記録,https://togetter.com/li/1317717,1393
オープンソースカンファレンス2019 Osaka NetBSDブース展示の記録,https://togetter.com/li/1312855,2731
名古屋*BSDユーザグループ(NBUG)2019/2月例会の記録,https://togetter.com/li/1317714,780
名古屋*BSDユーザグループ(NBUG)2019/1月例会の記録,https://togetter.com/li/1311472,943
名古屋*BSDユーザグループ(NBUG)2018/12月例会の記録,https://togetter.com/li/1298705,839
オープンソースカンファレンス2018 Fukuoka NetBSDブース展示の記録,https://togetter.com/li/1296258,1854
オープンソースカンファレンス2018 Shimane NetBSDブース展示の記録,https://togetter.com/li/1291113,1241
関西オープンソース2018 NetBSDブース展示の記録,https://togetter.com/li/1286691,2182
名古屋*BSDユーザグループ(NBUG)2018/11月例会の記録,https://togetter.com/li/1289627,770
オープンソースカンファレンス2018 Niigata NetBSDブース展示の記録,https://togetter.com/li/1286767,905
オープンソースカンファレンス2018 Tokyo/Fall NetBSDブース展示の記録,https://togetter.com/li/1281694,2576
名古屋*BSDユーザグループ(NBUG)2018/10月例会の記録,https://togetter.com/li/1278815,711
オープンソースアンカンファレンス2018 Sendaiの記録,https://togetter.com/li/1276307,5662
オープンソースカンファレンス2018 Kagawa NetBSDブース展示の記録,https://togetter.com/li/1273756,2164
bcbench 採集計画,https://togetter.com/li/238187,3073
オープンソースカンファレンス2018 Hiroshima NetBSDブース展示の記録,https://togetter.com/li/1269545,2683
名古屋*BSDユーザグループ(NBUG)2018/9月例会の記録,https://togetter.com/li/1269541,722
オープンソースカンファレンス2018 Kyoto NetBSDブース展示の記録,https://togetter.com/li/1252935,5427
名古屋*BSDユーザグループ(NBUG)2018/8月例会の記録,https://togetter.com/li/1258229,836
名古屋*BSDユーザグループ(NBUG)2018/7月例会の記録,https://togetter.com/li/1249049,818
日本NetBSDユーザーグループ第二十回定期総会 および NetBSD BoF 2018 の記録,https://togetter.com/li/1246626,2979
オープンソースカンファレンス2018 Hokkaido NetBSDブース展示の記録,https://togetter.com/li/1244344,1835
名古屋*BSDユーザグループ(NBUG)2018/6月例会の記録,https://togetter.com/li/1240586,918
オープンソースカンファレンス2018 Okinawa NetBSDブース展示の記録,https://togetter.com/li/1237675,1523
オープンソースカンファレンス2018 Nagoya NBUG & NetBSDブース展示の記録,https://togetter.com/li/1228817,2657
名古屋*BSDユーザグループ(NBUG)2018/4月例会の記録,https://togetter.com/li/1220687,873
名古屋*BSDユーザグループ(NBUG)2018/3月例会の記録,https://togetter.com/li/1210012,1164
AsiaBSDCon 2018の記録,https://togetter.com/li/1206515,7880
Raspberry Jam Big Birthday Weekend 2018 in TOKYO NetBSDブース..,https://togetter.com/li/1204795,2456
オープンソースカンファレンス2018 Tokyo/Spring NetBSDブース展示の記録,https://togetter.com/li/1202581,2186
名古屋*BSDユーザグループ(NBUG)2018/2月例会の記録,https://togetter.com/li/1200617,767
オープンソースカンファレンス2018 Hamanako NetBSDブース展示の記録,https://togetter.com/li/1198246,1425
オープンソースカンファレンス2018 Osaka NetBSDブース展示の記録,https://togetter.com/li/1193730,2895
NetBSD博物館,https://togetter.com/li/798599,30567
名古屋*BSDユーザグループ(NBUG)2018/1月例会の記録,https://togetter.com/li/1191703,873
名古屋*BSDユーザグループ(NBUG)2017/12月例会の記録,https://togetter.com/li/1182295,1246
オープンソースカンファレンス2017 Hiroshima NetBSDブース展示の記録,https://togetter.com/li/1175260,2622
名古屋*BSDユーザグループ(NBUG)2017/11月例会の記録,https://togetter.com/li/1175255,800
関西オープンソース2017 NetBSDブース展示の記録,https://togetter.com/li/1170068,2790
オープンソースカンファレンス2017 Shimane NetBSDブース展示の記録,https://togetter.com/li/1160781,1383
オープンソースカンファレンス2017 Nagaoka NetBSDブース展示の記録,https://togetter.com/li/1165451,1105
オープンソースカンファレンス2017 Fukuoka NetBSDブース展示の記録,https://togetter.com/li/1158733,1066
名古屋*BSDユーザグループ(NBUG)2017/9月例会の記録,https://togetter.com/li/1154181,771
オープンソースカンファレンス2017 Tokyo/Fall NetBSDブース展示の記録,https://togetter.com/li/1148810,3104
オープンソースカンファレンス2017 Chiba NetBSDブース展示の記録,https://togetter.com/li/1146818,1265
名古屋*BSDユーザグループ(NBUG)2017/8月例会の記録,https://togetter.com/li/1144160,1035
セキュリティ・キャンプ全国大会2017「信じて送り出した家庭用ルータがNetBSDにドハマリしてloginプロンプト..,https://togetter.com/li/1140652,5298
オープンソースカンファレンス2017 Kyoto NetBSDブース展示の記録,https://togetter.com/li/1136708,4428
名古屋*BSDユーザグループ(NBUG)2017/7月例会の記録,https://togetter.com/li/1132504,880
オープンソースカンファレンス2017 Hokkaido NetBSDブース展示の記録,https://togetter.com/li/1130009,2165
日本NetBSDユーザーグループ第十九回定期総会 および NetBSD BoF 2017 の記録,https://togetter.com/li/1127726,2043
名古屋*BSDユーザグループ(NBUG)2017/6月例会の記録,https://togetter.com/li/1123368,872
オープンソースカンファレンス2017 Okinawa NetBSDブース展示の記録,https://togetter.com/li/1120958,2102
オープンソースカンファレンス2017 Nagoya NBUG & NetBSDブース展示の記録,https://togetter.com/li/1114389,3674
名古屋*BSDユーザグループ(NBUG)2017/4月例会の記録,https://togetter.com/li/1103489,905
AsiaBSDCon 2017の記録,https://togetter.com/li/1084357,9565
名古屋*BSDユーザグループ(NBUG)2017/3月例会の記録,https://togetter.com/li/1091963,1220
オープンソースカンファレンス2017 Tokyo/Spring NetBSDブース展示の記録,https://togetter.com/li/1089005,3182
名古屋*BSDユーザグループ(NBUG)2017/2月例会の記録,https://togetter.com/li/1082517,2344
オープンソースカンファレンス2017 Hamanako NetBSDブース展示の記録,https://togetter.com/li/1080372,2273
オープンソースカンファレンス2017 Osaka NetBSDブース展示の記録,https://togetter.com/li/1075115,3311
名古屋*BSDユーザグループ(NBUG)2017/1月例会の記録,https://togetter.com/li/1072912,1247
名古屋*BSDユーザグループ(NBUG)2016/12月例会の記録,https://togetter.com/li/1060311,1710
BIG Raspberry JAM Tokyo 2016 NetBSDブース展示の記録,https://togetter.com/li/1058231,2134
オープンソースカンファレンス2016 Hiroshima NetBSDブース展示の記録,https://togetter.com/li/1053125,4662
名古屋*BSDユーザグループ(NBUG)2016/11月例会の記録,https://togetter.com/li/1053122,1050
オープンソースカンファレンス2016 Fukuoka NetBSDブース展示の記録,https://togetter.com/li/1050258,1018
関西オープンソース2016 NetBSDブース展示の記録,https://togetter.com/li/1047263,5065
オープンソースカンファレンス2016 Tokyo/Fall NetBSDブース展示の記録,https://togetter.com/li/1044981,3941
名古屋*BSDユーザグループ(NBUG)2016/10月例会の記録,https://togetter.com/li/1039669,985
オープンソースカンファレンス2016 Nagaoka NetBSDブース展示の記録,https://togetter.com/li/1031383,1204
オープンソースカンファレンス2016 Shimane NetBSDブース展示の記録,https://togetter.com/li/1028314,2202
名古屋*BSDユーザグループ(NBUG)2016/9月例会の記録,https://togetter.com/li/1022791,728
オープンソースアンカンファレンス2016 Kanazawa NetBSDブース展示の記録,https://togetter.com/li/1017308,1488
セキュリティ・キャンプ全国大会2016「謎マシンでNetBSDのクロス開発体験」の記録,https://togetter.com/li/1013466,3305
名古屋*BSDユーザグループ(NBUG)2016/8月例会の記録,https://togetter.com/li/1014426,1111
オープンソースカンファレンス2016 Kyoto NetBSDブース展示の記録,https://togetter.com/li/1005828,8412
名古屋*BSDユーザグループ(NBUG)2016/7月例会の記録,https://togetter.com/li/1003596,1029
日本NetBSDユーザーグループ第十八回定期総会 および NetBSD BoF 2016 の記録,https://togetter.com/li/997708,2244
オープンソースカンファレンス2016 Okinawa NetBSDブース展示の記録,https://togetter.com/li/995155,2008
名古屋*BSDユーザグループ(NBUG)2016/6月例会の記録,https://togetter.com/li/991907,829
オープンソースカンファレンス2016 Hokkaido NetBSDブース展示の記録,https://togetter.com/li/988853,2781
オープンソースカンファレンス2016 Nagoya NBUG & NetBSDブース展示の記録,https://togetter.com/li/980383,2777
オープンソースカンファレンス2016 Gunma NetBSDブース展示の記録,https://togetter.com/li/975036,2109
名古屋*BSDユーザグループ(NBUG)2016/4月例会の記録,https://togetter.com/li/966553,1197
名古屋*BSDユーザグループ(NBUG)2016/3月例会の記録,https://togetter.com/li/951688,1261
AsiaBSDCon 2016の記録,https://togetter.com/li/947029,6476
オープンソースカンファレンス2016 Tokyo/Spring NetBSDブース展示の記録,https://togetter.com/li/943037,4428
名古屋*BSDユーザグループ(NBUG)2016/2月例会の記録,https://togetter.com/li/940712,1128
オープンソースカンファレンス2016 Hamanako NetBSDブース展示の記録,https://togetter.com/li/929091,2265
名古屋*BSDユーザグループ(NBUG)2016/1月例会の記録,https://togetter.com/li/926346,1181
NetBSD Advent Calendar 2015の記録,https://togetter.com/li/916444,1925
名古屋*BSDユーザグループ(NBUG)2015/12月例会の記録,https://togetter.com/li/914514,1172
名古屋*BSDユーザグループ(NBUG)2015/11月例会の記録,https://togetter.com/li/905964,1044
オープンソースカンファレンス2015 Tokushima NetBSDブース展示の記録,https://togetter.com/li/899923,2589
関西オープンソース2015 NetBSDブース展示の記録,https://togetter.com/li/896456,4552
オープンソースカンファレンス2015 Tokyo/Fall NetBSDブース展示の記録,https://togetter.com/li/891107,2612
名古屋*BSDユーザグループ(NBUG)2015/10月例会の記録,https://togetter.com/li/887974,1306
オープンソースカンファレンス2015 Fukuoka NetBSDブース展示の記録,https://togetter.com/li/881732,1901
名古屋*BSDユーザグループ(NBUG)2015/9月例会の記録,https://togetter.com/li/876041,1215
オープンソースカンファレンス2015 Hiroshima NetBSDブース展示の記録,https://togetter.com/li/875487,4596
オープンソースカンファレンス2015 Niigata NetBSDブース展示の記録,https://togetter.com/li/869752,2050
名古屋*BSDユーザグループ(NBUG)2015/8月例会の記録,https://togetter.com/li/866901,1311
オープンソースカンファレンス2015 Shimane NetBSDブース展示の記録,https://togetter.com/li/863726,2640
オープンソースカンファレンス2015 Kansai@Kyoto NetBSDブース展示の記録,https://togetter.com/li/857157,7976
名古屋*BSDユーザグループ(NBUG)2015/7月例会の記録,https://togetter.com/li/848936,1486
日本NetBSDユーザーグループ第十七回定期総会 および NetBSD BoF 2015 の記録,https://togetter.com/li/845730,3313
オープンソースカンファレンス2015 Okinawa　NetBSDブース展示の記録,https://togetter.com/li/842624,1841
名古屋*BSDユーザグループ(NBUG)2015/6月例会の記録,https://togetter.com/li/837054,1093
オープンソースカンファレンス2015 Hokkaido　NetBSDブース展示の記録,https://togetter.com/li/834148,1827
オープンソースカンファレンス2015 Nagoya&NBUG5月例会 の記録,https://togetter.com/li/824817,4772
名古屋*BSDユーザグループ(NBUG)2015/4月例会の記録,https://togetter.com/li/809927,1153
AsiaBSDCon 2015の記録,https://togetter.com/li/793444,9516
名古屋*BSDユーザグループ(NBUG)2015/3月例会の記録,https://togetter.com/li/797757,2142
オープンソースカンファレンス2015 Tokyo/Spring　NetBSDブース展示の記録,https://togetter.com/li/788681,3788
名古屋*BSDユーザグループ(NBUG)2015/2月例会の記録,https://togetter.com/li/785983,1694
オープンソースカンファレンス2015 Hamanako　NetBSDブース展示の記録,https://togetter.com/li/781556,2034
オープンソースカンファレンス2015 Oita　NetBSDブース展示の記録,https://togetter.com/li/779725,2362
名古屋*BSDユーザグループ(NBUG)2015/1月例会の記録,https://togetter.com/li/773778,895
NetBSD Advent Calendar 2014の記録,https://togetter.com/li/762067,2967
名古屋*BSDユーザグループ(NBUG)2014/12月例会の記録,https://togetter.com/li/759885,1293
名古屋*BSDユーザグループ(NBUG)2014/11月例会の記録,https://togetter.com/li/751414,1229
オープンソースカンファレンス2014 Fukuoka　NetBSDブース展示の記録,https://togetter.com/li/748237,3323
関西オープンソース2014 NetBSDブース展示の記録,https://togetter.com/li/742243,5218
名古屋*BSDユーザグループ(NBUG)2014/10月例会の記録,https://togetter.com/li/736629,1314
オープンソースカンファレンス2014 Tokyo/Fall　NetBSDブース展示の記録,https://togetter.com/li/733588,4819
オープンソースカンファレンス2014 Hiroshima　NetBSDブース展示の記録,https://togetter.com/li/721414,5309
名古屋*BSDユーザグループ(NBUG)2014/9月例会の記録,https://togetter.com/li/718731,1163
オープンソースカンファレンス2014 Shimane　NetBSDブース展示の記録,https://togetter.com/li/709947,3541
名古屋*BSDユーザグループ(NBUG)2014/8月例会の記録,https://togetter.com/li/704210,1155
オープンソースカンファレンス2014 Kansai＠Kyoto　NetBSDブース展示の記録,https://togetter.com/li/700617,7051
日本NetBSDユーザーグループ第十六回定期総会 および NetBSD BoF 2014,https://togetter.com/li/691775,5236
オープンソースカンファレンス2014 Nagoya&NBUG7月例会 の記録,https://togetter.com/li/688742,3215
名古屋*BSDユーザグループ(NBUG)2014/6月例会の記録,https://togetter.com/li/682888,1156
オープンソースカンファレンス2014北海道　NetBSDブース展示の記録,https://togetter.com/li/680053,4214
LibreOffice mini Conference 2014 Tokyo/Japan  の記録 - pkgsrc..,https://togetter.com/li/677183,2415
jus勉強会「はじめてUNIXで仕事をする人に教えたいこと」 の記録,https://togetter.com/li/675988,3896
名古屋*BSDユーザグループ(NBUG)2014/5月例会の記録,https://togetter.com/li/674109,1380
オープンソースカンファレンス2014沖縄　NetBSDブース展示の記録,https://togetter.com/li/671580,1576
CBUG Meeting 第30回のまとめ,https://togetter.com/li/669219,2704
OSC2013沖縄 NetBSDブース展示の記録,https://togetter.com/li/529669,8762
名古屋*BSDユーザグループ(NBUG)2014/3月例会の記録,https://togetter.com/li/645013,895
名古屋*BSDユーザグループ(NBUG)2014/1月例会の記録,https://togetter.com/li/620707,1703
名古屋*BSDユーザグループ(NBUG)2014/4月例会の記録,https://togetter.com/li/656928,2511
OSC2012沖縄 NetBSDブース展示の記録,https://togetter.com/li/377549,1850
オープンソースカンファレンス2013島根 NetBSDブース展示の記録,https://togetter.com/li/553529,9792
OSC2012 北海道 NetBSDブース展示の記録,https://togetter.com/li/318806,12271
オープンソースアンカンファレンス2014香川　NetBSDブース展示の記録,https://togetter.com/li/654135,4199
オープンソースカンファレンス2014東京春　NetBSDブース展示の記録,https://togetter.com/li/635747,8859
名古屋*BSDユーザグループ(NBUG)2014/2月例会の記録,https://togetter.com/li/633137,1148
日本NetBSDユーザーグループ第十四回定期総会 および NetBSD BoF 2012,https://togetter.com/li/333847,4266
OSC2013 浜松 NetBSDブース展示の記録,https://togetter.com/li/452856,10830
シャープX68000 ROMイメージ配布に関する話題,https://togetter.com/li/292177,29304
俯瞰サロン「ソニーのUNIXワークステーション NEWSの選択」の記録,https://togetter.com/li/565923,11180
OSC2012 東京春 NetBSDブース展示の記録,https://togetter.com/li/274145,4789
AsiaBSDCon 2014の記録,https://togetter.com/li/641519,6983
OSC2012 大分 NetBSDブース展示の記録,https://togetter.com/li/256314,4597
オープンソースカンファレンス2014浜名湖　NetBSDブース展示の記録,https://togetter.com/li/645455,5600
名古屋*BSDユーザグループ(NBUG)2013/12月例会の記録,https://togetter.com/li/605609,1530
名古屋*BSDユーザグループ(NBUG)2013/11月例会の記録,https://togetter.com/li/596827,1741
○○の歴史プロジェクトを進める人たちのBoF の記録,https://togetter.com/li/595309,2565
オープンソースカンファレンス2013大分　NetBSDブース展示の記録,https://togetter.com/li/593833,1862
関東LibreOfficeオフラインミーティング(#10) の記録,https://togetter.com/li/591904,1557
オープンソースカンファレンス2013福岡　NetBSDブース展示の記録,https://togetter.com/li/590835,1832
関西オープンソース2013 NetBSDブース展示の記録,https://togetter.com/li/587422,3894
RaspberryPIでNetBSDを動かしたときの色表示問題,https://togetter.com/li/578022,3741
名古屋*BSDユーザグループ(NBUG)2013/10月例会の記録,https://togetter.com/li/581888,3444
オープンソースカンファレンス2013東京秋　NetBSDブース展示の記録,https://togetter.com/li/578893,3309
オープンソースカンファレンス2013広島　NetBSDブース展示の記録,https://togetter.com/li/573243,5774
名古屋*BSDユーザグループ(NBUG)2013/9月例会の記録,https://togetter.com/li/566978,2229
オープンソースカンファレンス2013北海道　NetBSDブース展示の記録,https://togetter.com/li/563719,3669
名古屋*BSDユーザグループ(NBUG)2013/8月例会の記録,https://togetter.com/li/556832,1222
オープンソースカンファレンス2013関西＠京都　NetBSDブース展示記録,https://togetter.com/li/542885,15944
名古屋*BSDユーザグループ(NBUG)2013/7月例会の記録,https://togetter.com/li/536464,1605
日本NetBSDユーザーグループ第十五回定期総会 および NetBSD BoF 2013,https://togetter.com/li/532926,7741
OSC2013名古屋 NBUG&NetBSDブース展示の記録,https://togetter.com/li/522396,14112
名古屋*BSDユーザグループ(NBUG)2013/5月例会の記録,https://togetter.com/li/508243,1332
NetBSDでuARM,https://togetter.com/li/501485,2164
名古屋*BSDユーザグループ(NBUG)2013/4月例会の記録,https://togetter.com/li/490634,1464
名古屋*BSDユーザグループ(NBUG)2013 花見の記録,https://togetter.com/li/479851,1186
名古屋*BSDユーザグループ(NBUG)2013/3月例会の記録,https://togetter.com/li/476220,1529
NetBSD/sparcをQEMUで動かす会の記録,https://togetter.com/li/474776,3849
AsiaBSDCon 2013の記録,https://togetter.com/li/472002,11085
OSC2013徳島 NetBSDブース展示の記録,https://togetter.com/li/468577,12876
OSC2013 東京春 NetBSDブース展示の記録,https://togetter.com/li/460484,7788
名古屋*BSDユーザグループ(NBUG)2013/2月例会の記録,https://togetter.com/li/456972,1285
OSC2012 福岡 NetBSDブース展示の記録,https://togetter.com/li/419569,2387
名古屋*BSDユーザグループ(NBUG)2013/1月例会の記録,https://togetter.com/li/441673,1223
名古屋*BSDユーザグループ(NBUG)2012/12月例会の記録,https://togetter.com/li/423239,2001
名古屋*BSDユーザグループ(NBUG)2012/11月例会の記録,https://togetter.com/li/408681,3134
関西オープンソース2012 NetBSDブース展示の記録,https://togetter.com/li/404573,10475
名古屋*BSDユーザグループ(NBUG)2012/9 例会の記録,https://togetter.com/li/381576,1411
OSC2012 会津 NetBSDブース展示の記録,https://togetter.com/li/401018,4067
OSC2012 大分秋 NetBSDブース展示の記録,https://togetter.com/li/396867,3083
OSC2012 広島 NetBSDブース展示の記録,https://togetter.com/li/392778,20691
名古屋*BSDユーザグループ(NBUG)2012/10月例会の記録,https://togetter.com/li/389172,1319
OSC2012 東京秋 NetBSDブース展示の記録,https://togetter.com/li/369471,10334
OSC2012 島根 NetBSDブース展示の記録,https://togetter.com/li/365753,7942
名古屋*BSDユーザグループ(NBUG)2012/8 例会の記録,https://togetter.com/li/361658,1521
OSC2012 京都 NetBSDブース展示の記録,https://togetter.com/li/350035,13253
名古屋*BSDユーザグループ(NBUG)2012/7 例会の記録,https://togetter.com/li/342818,2352
OSC2012 仙台 NetBSDブース展示の記録,https://togetter.com/li/338166,1839
名古屋*BSDユーザグループ(NBUG)2012/6 例会の記録,https://togetter.com/li/326037,1511
OSC2012 名古屋 NetBSDブース展示の記録,https://togetter.com/li/302311,11306
名古屋*BSDユーザグループ(NBUG)2012/5 例会の記録,https://togetter.com/li/310150,2283
名古屋*BSDユーザグループ(NBUG)2012/4 例会の記録,https://togetter.com/li/294934,2222
OSC2012 岩手 NetBSDブース展示の記録,https://togetter.com/li/291282,1398
BSD Business Association (BSD-BA) 創立総会の記録,https://togetter.com/li/289268,3777
OSC2012 愛媛 NetBSDブース展示の記録,https://togetter.com/li/275497,5416
名古屋*BSDユーザグループ(NBUG)2012/3 例会の記録,https://togetter.com/li/271272,2297
XM6i上のNetBSD/x68kイメージをNetBSD/amd64から操作したいぞ,https://togetter.com/li/245249,3173
NetBSD/cobalt Restore CD/USBを作ろう,https://togetter.com/li/239345,2591
NegiBSD/NeetBSD不況委員会,https://togetter.com/li/247259,2494
NetBSDでペンタブレットをサポートするぞ,https://togetter.com/li/248916,3077
NetBSDでBeagleBoardをサポートするぞ,https://togetter.com/li/247236,2698
玄箱HGのNetBSD-current(evbppc/sandpoint)対応修復,https://togetter.com/li/242865,3495
LS-AVLのNetBSD化の脳内手順,https://togetter.com/li/237194,4038
ザウルス SL-C700 シリアルケーブル作成,https://togetter.com/li/237198,7873
