http://togetter.com/li/751414, 名古屋*BSDユーザグループ(NBUG)2014/11月例会の記録,314
http://togetter.com/li/748237, オープンソースカンファレンス2014 Fukuoka　NetBSDブース展示の記録,1466
http://togetter.com/li/742243, 関西オープンソース2014 NetBSDブース展示の記録,1420
http://togetter.com/li/736629, 名古屋*BSDユーザグループ(NBUG)2014/10月例会の記録,456
http://togetter.com/li/733588, オープンソースカンファレンス2014 Tokyo/Fall　NetBSDブース展示の記録,1526
http://togetter.com/li/721414, オープンソースカンファレンス2014 Hiroshima　NetBSDブース展示の記録,1499
http://togetter.com/li/718731, 名古屋*BSDユーザグループ(NBUG)2014/9月例会の記録,494
http://togetter.com/li/709947, オープンソースカンファレンス2014 Shimane　NetBSDブース展示の記録,1112
http://togetter.com/li/704210, 名古屋*BSDユーザグループ(NBUG)2014/8月例会の記録,484
http://togetter.com/li/700617, オープンソースカンファレンス2014 Kansai＠Kyoto　NetBSDブース展示の記録,2907
http://togetter.com/li/691775, 日本NetBSDユーザーグループ第十六回定期総会 および NetBSD BoF 2014,1966
http://togetter.com/li/688742, オープンソースカンファレンス2014 Nagoya&NBUG7月例会 の記録,1354
http://togetter.com/li/682888, 名古屋*BSDユーザグループ(NBUG)2014/6月例会の記録,364
http://togetter.com/li/680053, オープンソースカンファレンス2014北海道　NetBSDブース展示の記録,1768
http://togetter.com/li/677183, LibreOffice mini Conference 2014 Tokyo/Japan の記録 - pkgsrc..,742
http://togetter.com/li/675988, jus勉強会「はじめてUNIXで仕事をする人に教えたいこと」 の記録,2733
http://togetter.com/li/674109, 名古屋*BSDユーザグループ(NBUG)2014/5月例会の記録,479
http://togetter.com/li/671580, オープンソースカンファレンス2014沖縄　NetBSDブース展示の記録,474
http://togetter.com/li/669219, CBUG Meeting 第30回のまとめ,1389
http://togetter.com/li/656928, 名古屋*BSDユーザグループ(NBUG)2014/4月例会の記録,795
http://togetter.com/li/654135, オープンソースアンカンファレンス2014香川　NetBSDブース展示の記録,1203
http://togetter.com/li/645455, オープンソースカンファレンス2014浜名湖　NetBSDブース展示の記録,1857
http://togetter.com/li/645013, 名古屋*BSDユーザグループ(NBUG)2014/3月例会の記録,357
http://togetter.com/li/641519, AsiaBSDCon 2014の記録,2489
http://togetter.com/li/635747, オープンソースカンファレンス2014東京春　NetBSDブース展示の記録,1412
http://togetter.com/li/633137, 名古屋*BSDユーザグループ(NBUG)2014/2月例会の記録,507
http://togetter.com/li/620707, 名古屋*BSDユーザグループ(NBUG)2014/1月例会の記録,413
http://togetter.com/li/605609, 名古屋*BSDユーザグループ(NBUG)2013/12月例会の記録,587
http://togetter.com/li/596827, 名古屋*BSDユーザグループ(NBUG)2013/11月例会の記録,687
http://togetter.com/li/595309, ○○の歴史プロジェクトを進める人たちのBoF の記録,1147
http://togetter.com/li/593833, オープンソースカンファレンス2013大分　NetBSDブース展示の記録,766
http://togetter.com/li/591904, 関東LibreOfficeオフラインミーティング(#10) の記録,751
http://togetter.com/li/590835, オープンソースカンファレンス2013福岡　NetBSDブース展示の記録,765
http://togetter.com/li/587422, 関西オープンソース2013 NetBSDブース展示の記録,1516
http://togetter.com/li/581888, 名古屋*BSDユーザグループ(NBUG)2013/10月例会の記録,1382
http://togetter.com/li/578893, オープンソースカンファレンス2013東京秋　NetBSDブース展示の記録,1359
http://togetter.com/li/578022, RaspberryPIでNetBSDを動かしたときの色表示問題,1309
http://togetter.com/li/573243, オープンソースカンファレンス2013広島　NetBSDブース展示の記録,2080
http://togetter.com/li/566978, 名古屋*BSDユーザグループ(NBUG)2013/9月例会の記録,825
http://togetter.com/li/565923, 俯瞰サロン「ソニーのUNIXワークステーション NEWSの選択」の記録,5153
http://togetter.com/li/563719, オープンソースカンファレンス2013北海道　NetBSDブース展示の記録,1574
http://togetter.com/li/556832, 名古屋*BSDユーザグループ(NBUG)2013/8月例会の記録,589
http://togetter.com/li/553529, オープンソースカンファレンス2013島根 NetBSDブース展示の記録,1938
http://togetter.com/li/542885, オープンソースカンファレンス2013関西＠京都　NetBSDブース展示記録,3666
http://togetter.com/li/536464, 名古屋*BSDユーザグループ(NBUG)2013/7月例会の記録,604
http://togetter.com/li/532926, 日本NetBSDユーザーグループ第十五回定期総会 および NetBSD BoF 2013,1447
http://togetter.com/li/529669, OSC2013沖縄 NetBSDブース展示の記録,1543
http://togetter.com/li/522396, OSC2013名古屋 NBUG&NetBSDブース展示の記録,2337
http://togetter.com/li/508243, 名古屋*BSDユーザグループ(NBUG)2013/5月例会の記録,601
http://togetter.com/li/501485, NetBSDでuARM,1176
http://togetter.com/li/490634, 名古屋*BSDユーザグループ(NBUG)2013/4月例会の記録,617
http://togetter.com/li/479851, 名古屋*BSDユーザグループ(NBUG)2013 花見の記録,518
http://togetter.com/li/476220, 名古屋*BSDユーザグループ(NBUG)2013/3月例会の記録,698
http://togetter.com/li/474776, NetBSD/sparcをQEMUで動かす会の記録,1318
http://togetter.com/li/472002, AsiaBSDCon 2013の記録,2154
http://togetter.com/li/468577, OSC2013徳島 NetBSDブース展示の記録,1662
http://togetter.com/li/460484, OSC2013 東京春 NetBSDブース展示の記録,1570
http://togetter.com/li/456972, 名古屋*BSDユーザグループ(NBUG)2013/2月例会の記録,546
http://togetter.com/li/452856, OSC2013 浜松 NetBSDブース展示の記録,1134
http://togetter.com/li/441673, 名古屋*BSDユーザグループ(NBUG)2013/1月例会の記録,616
http://togetter.com/li/423239, 名古屋*BSDユーザグループ(NBUG)2012/12月例会の記録,746
http://togetter.com/li/419569, OSC2012 福岡 NetBSDブース展示の記録,1176
http://togetter.com/li/408681, 名古屋*BSDユーザグループ(NBUG)2012/11月例会の記録,1202
http://togetter.com/li/404573, 関西オープンソース2012 NetBSDブース展示の記録,1688
http://togetter.com/li/401018, OSC2012 会津 NetBSDブース展示の記録,2036
http://togetter.com/li/396867, OSC2012 大分秋 NetBSDブース展示の記録,879
http://togetter.com/li/392778, OSC2012 広島 NetBSDブース展示の記録,4638
http://togetter.com/li/389172, 名古屋*BSDユーザグループ(NBUG)2012/10月例会の記録,531
http://togetter.com/li/381576, 名古屋*BSDユーザグループ(NBUG)2012/9 例会の記録,669
http://togetter.com/li/377549, OSC2012沖縄 NetBSDブース展示の記録,650
http://togetter.com/li/369471, OSC2012 東京秋 NetBSDブース展示の記録,2675
http://togetter.com/li/365753, OSC2012 島根 NetBSDブース展示の記録,1574
http://togetter.com/li/361658, 名古屋*BSDユーザグループ(NBUG)2012/8 例会の記録,858
http://togetter.com/li/350035, OSC2012 京都 NetBSDブース展示の記録,3489
http://togetter.com/li/342818, 名古屋*BSDユーザグループ(NBUG)2012/7 例会の記録,1591
http://togetter.com/li/338166, OSC2012 仙台 NetBSDブース展示の記録,953
http://togetter.com/li/333847, 日本NetBSDユーザーグループ第十四回定期総会 および NetBSD BoF 2012,1605
http://togetter.com/li/326037, 名古屋*BSDユーザグループ(NBUG)2012/6 例会の記録,850
http://togetter.com/li/318806, OSC2012 北海道 NetBSDブース展示の記録,2048
http://togetter.com/li/310150, 名古屋*BSDユーザグループ(NBUG)2012/5 例会の記録,826
http://togetter.com/li/302311, OSC2012 名古屋 NetBSDブース展示の記録,3176
http://togetter.com/li/294934, 名古屋*BSDユーザグループ(NBUG)2012/4 例会の記録,1256
http://togetter.com/li/292177, シャープX68000 ROMイメージ配布に関する話題,11590
http://togetter.com/li/291282, OSC2012 岩手 NetBSDブース展示の記録,603
http://togetter.com/li/289268, BSD Business Association (BSD-BA) 創立総会の記録,2545
http://togetter.com/li/275497, OSC2012 愛媛 NetBSDブース展示の記録,2186
http://togetter.com/li/274145, OSC2012 東京春 NetBSDブース展示の記録,2141
http://togetter.com/li/271272, 名古屋*BSDユーザグループ(NBUG)2012/3 例会の記録,1315
http://togetter.com/li/256314, OSC2012 大分 NetBSDブース展示の記録,2424
http://togetter.com/li/248916, NetBSDでペンタブレットをサポートするぞ,1649
http://togetter.com/li/247259, NegiBSD/NeetBSD不況委員会,1566
http://togetter.com/li/247236, NetBSDでBeagleBoardをサポートするぞ,1807
http://togetter.com/li/245249, XM6i上のNetBSD/x68kイメージをNetBSD/amd64から操作したいぞ,1450
http://togetter.com/li/242873, NetBSDでザウルス SL-C700 サポートするぞ,3959
http://togetter.com/li/242865, 玄箱HGのNetBSD-current(evbppc/sandpoint)対応修復,1341
http://togetter.com/li/239345, NetBSD/cobalt Restore CD/USBを作ろう,1284
http://togetter.com/li/238187, bcbench 採集計画,1565
http://togetter.com/li/237198, ザウルス SL-C700 シリアルケーブル作成,3533
http://togetter.com/li/237194, LS-AVLのNetBSD化の脳内手順,1535
